{
  "weights": [
    -43.24452508326228,
    -4.790854919453198,
    0.056159174782459645,
    33.573964380680636,
    -3.2067052927779978,
    -3.9360445339016876,
    -9.475847460876963,
    -20.70903952650045,
    -23.051480179825578,
    -23.869696643514505,
    -36.92960797937429,
    -26.288047393787892,
    9.146122054104143,
    -17.591948753937793,
    -34.028624595720245,
    -12.702846097171054,
    -13.489529766414355,
    -6.902317774983965,
    -21.152511304166822,
    -32.52028975809295,
    156.18419555773653,
    -28.52492210701571,
    -17.55495232849912,
    -31.487815464896556,
    -21.89099623868021
  ],
  "top_locations": [
    "Whitefield",
    "Sarjapur  Road",
    "Electronic City",
    "Kanakpura Road",
    "Thanisandra",
    "Yelahanka",
    "Uttarahalli",
    "Hebbal",
    "Marathahalli",
    "Raja Rajeshwari Nagar",
    "Hennur Road",
    "Bannerghatta Road",
    "7th Phase JP Nagar",
    "Haralur Road",
    "Electronic City Phase II",
    "Rajaji Nagar",
    "Chandapura",
    "Bellandur",
    "KR Puram",
    "Electronics City Phase 1"
  ],
  "std_err": 114.69664304596978
}