{
  "weights": [
    -26.219335928613535,
    7.203474809305323,
    0.048873732792468254,
    13.113378508536549,
    -3.178780218820993,
    -5.120439621810915,
    -2.010925975973758,
    -16.00080918007182,
    -11.147772972161349,
    -9.449078905584642,
    -12.32341490044054,
    -21.860261430372177,
    -5.31485352915536,
    -21.63495727844149,
    11.221203172871146,
    -3.3239892380626856,
    -10.208948623301678,
    3.289033729625995,
    -8.667578837591249,
    -25.747481247345643,
    -26.5438790798383,
    -6.619954066536989,
    -14.387064124897384,
    -16.25920998199217,
    -26.382058038188614
  ],
  "top_locations": [
    "Whitefield",
    "Sarjapur  Road",
    "Electronic City",
    "Kanakpura Road",
    "Thanisandra",
    "Yelahanka",
    "Uttarahalli",
    "Marathahalli",
    "Raja Rajeshwari Nagar",
    "Hebbal",
    "Hennur Road",
    "Bannerghatta Road",
    "7th Phase JP Nagar",
    "Haralur Road",
    "Electronic City Phase II",
    "Chandapura",
    "Bellandur",
    "Electronics City Phase 1",
    "KR Puram",
    "Begur Road"
  ],
  "std_err": 36.20915610000812
}